snapshot_date,store_id,product_id,on_hand_qty
2025-12-28,S001,P00217,156
2025-12-28,S001,P00054,82
2025-12-28,S001,P00234,77
2025-12-28,S001,P00213,51
2025-12-28,S001,P00037,121
2025-12-28,S001,P00184,83
2025-12-28,S001,P00019,50
2025-12-28,S001,P00272,131
2025-12-28,S001,P00158,31
2025-12-28,S001,P00020,9
2025-12-28,S001,P00101,198
2025-12-28,S001,P00207,128
2025-12-28,S001,P00222,169
2025-12-28,S001,P00012,51
2025-12-28,S001,P00226,194
2025-12-28,S001,P00140,64
2025-12-28,S001,P00246,97
2025-12-28,S001,P00077,185
2025-12-28,S001,P00064,14
2025-12-28,S001,P00146,40
2025-12-28,S001,P00170,16
2025-12-28,S001,P00069,2
2025-12-28,S001,P00173,162
2025-12-28,S001,P00051,97
2025-12-28,S001,P00300,26
2025-12-28,S001,P00031,159
2025-12-28,S001,P00183,196
2025-12-28,S001,P00074,103
2025-12-28,S001,P00229,162
2025-12-28,S001,P00181,41
2025-12-28,S001,P00065,116
2025-12-28,S001,P00029,1
2025-12-28,S001,P00180,55
2025-12-28,S001,P00011,157
2025-12-28,S001,P00299,115
2025-12-28,S001,P00138,20
2025-12-28,S001,P00073,77
2025-12-28,S001,P00203,117
2025-12-28,S001,P00249,153
2025-12-28,S001,P00060,191
2025-12-28,S001,P00286,91
2025-12-28,S001,P00078,111
2025-12-28,S001,P00199,196
2025-12-28,S001,P00091,138
2025-12-28,S001,P00276,68
2025-12-28,S001,P00112,67
2025-12-28,S001,P00089,153
2025-12-28,S001,P00177,12
2025-12-28,S001,P00197,200
2025-12-28,S001,P00196,117
2025-12-28,S001,P00262,175
2025-12-28,S001,P00122,160
2025-12-28,S001,P00185,186
2025-12-28,S001,P00116,155
2025-12-28,S001,P00123,44
2025-12-28,S001,P00292,186
2025-12-28,S001,P00084,79
2025-12-28,S001,P00255,72
2025-12-28,S001,P00220,189
2025-12-28,S001,P00006,24
2025-12-28,S001,P00152,126
2025-12-28,S001,P00094,181
2025-12-28,S001,P00248,31
2025-12-28,S001,P00045,59
2025-12-28,S001,P00166,195
2025-12-28,S001,P00057,7
2025-12-28,S001,P00131,86
2025-12-28,S001,P00258,183
2025-12-28,S001,P00108,168
2025-12-28,S001,P00202,141
2025-12-28,S001,P00047,94
2025-12-28,S001,P00035,3
2025-12-28,S001,P00221,117
2025-12-28,S001,P00104,178
2025-12-28,S001,P00018,189
2025-12-28,S001,P00107,1
2025-12-28,S001,P00290,4
2025-12-28,S001,P00043,28
2025-12-28,S001,P00240,23
2025-12-28,S001,P00142,113
2025-12-28,S001,P00136,138
2025-12-28,S001,P00271,112
2025-12-28,S001,P00072,88
2025-12-28,S001,P00269,110
2025-12-28,S001,P00141,69
2025-12-28,S001,P00251,174
2025-12-28,S001,P00163,133
2025-12-28,S001,P00200,167
2025-12-28,S001,P00237,146
2025-12-28,S001,P00053,162
2025-12-28,S001,P00114,60
2025-12-28,S001,P00003,104
2025-12-28,S001,P00032,38
2025-12-28,S001,P00121,149
2025-12-28,S001,P00044,115
2025-12-28,S001,P00149,56
2025-12-28,S001,P00153,145
2025-12-28,S001,P00039,191
2025-12-28,S001,P00211,2
2025-12-28,S001,P00015,167
2025-12-28,S002,P00254,111
2025-12-28,S002,P00094,6
2025-12-28,S002,P00017,36
2025-12-28,S002,P00036,116
2025-12-28,S002,P00282,62
2025-12-28,S002,P00144,137
2025-12-28,S002,P00199,198
2025-12-28,S002,P00183,173
2025-12-28,S002,P00238,69
2025-12-28,S002,P00137,19
2025-12-28,S002,P00186,39
2025-12-28,S002,P00100,126
2025-12-28,S002,P00249,24
2025-12-28,S002,P00122,139
2025-12-28,S002,P00065,195
2025-12-28,S002,P00024,198
2025-12-28,S002,P00242,163
2025-12-28,S002,P00153,134
2025-12-28,S002,P00207,57
2025-12-28,S002,P00113,136
2025-12-28,S002,P00148,46
2025-12-28,S002,P00057,27
2025-12-28,S002,P00023,170
2025-12-28,S002,P00286,37
2025-12-28,S002,P00154,116
2025-12-28,S002,P00288,139
2025-12-28,S002,P00190,43
2025-12-28,S002,P00071,194
2025-12-28,S002,P00185,172
2025-12-28,S002,P00056,131
2025-12-28,S002,P00237,100
2025-12-28,S002,P00233,40
2025-12-28,S002,P00080,152
2025-12-28,S002,P00239,129
2025-12-28,S002,P00018,153
2025-12-28,S002,P00208,145
2025-12-28,S002,P00097,14
2025-12-28,S002,P00037,185
2025-12-28,S002,P00160,113
2025-12-28,S002,P00005,7
2025-12-28,S002,P00004,159
2025-12-28,S002,P00010,55
2025-12-28,S002,P00088,175
2025-12-28,S002,P00062,79
2025-12-28,S002,P00022,113
2025-12-28,S002,P00007,94
2025-12-28,S002,P00149,23
2025-12-28,S002,P00035,154
2025-12-28,S002,P00135,76
2025-12-28,S002,P00111,107
2025-12-28,S002,P00152,164
2025-12-28,S002,P00278,126
2025-12-28,S002,P00116,72
2025-12-28,S002,P00212,33
2025-12-28,S002,P00084,46
2025-12-28,S002,P00161,132
2025-12-28,S002,P00298,27
2025-12-28,S002,P00225,124
2025-12-28,S002,P00119,186
2025-12-28,S002,P00025,80
2025-12-28,S002,P00042,141
2025-12-28,S002,P00295,104
2025-12-28,S002,P00170,176
2025-12-28,S002,P00068,3
2025-12-28,S002,P00291,31
2025-12-28,S002,P00083,115
2025-12-28,S002,P00078,193
2025-12-28,S002,P00252,54
2025-12-28,S002,P00105,85
2025-12-28,S002,P00130,50
2025-12-28,S002,P00195,63
2025-12-28,S002,P00231,102
2025-12-28,S002,P00205,95
2025-12-28,S002,P00168,118
2025-12-28,S002,P00011,151
2025-12-28,S002,P00112,143
2025-12-28,S002,P00163,166
2025-12-28,S002,P00103,163
2025-12-28,S002,P00189,98
2025-12-28,S002,P00283,111
2025-12-28,S002,P00077,169
2025-12-28,S002,P00276,151
2025-12-28,S002,P00079,198
2025-12-28,S002,P00159,136
2025-12-28,S002,P00284,104
2025-12-28,S002,P00223,44
2025-12-28,S002,P00019,55
2025-12-28,S002,P00006,155
2025-12-28,S002,P00165,129
2025-12-28,S002,P00123,156
2025-12-28,S002,P00262,91
2025-12-28,S002,P00177,21
2025-12-28,S002,P00021,66
2025-12-28,S002,P00044,197
2025-12-28,S002,P00201,84
2025-12-28,S002,P00290,150
2025-12-28,S002,P00171,51
2025-12-28,S002,P00102,169
2025-12-28,S002,P00061,89
2025-12-28,S002,P00126,82
2025-12-28,S003,P00014,166
2025-12-28,S003,P00026,49
2025-12-28,S003,P00157,186
2025-12-28,S003,P00201,126
2025-12-28,S003,P00168,66
2025-12-28,S003,P00138,71
2025-12-28,S003,P00271,169
2025-12-28,S003,P00277,16
2025-12-28,S003,P00265,35
2025-12-28,S003,P00007,172
2025-12-28,S003,P00291,141
2025-12-28,S003,P00191,77
2025-12-28,S003,P00110,84
2025-12-28,S003,P00261,20
2025-12-28,S003,P00293,42
2025-12-28,S003,P00115,143
2025-12-28,S003,P00021,156
2025-12-28,S003,P00155,93
2025-12-28,S003,P00131,104
2025-12-28,S003,P00089,20
2025-12-28,S003,P00284,63
2025-12-28,S003,P00156,15
2025-12-28,S003,P00114,183
2025-12-28,S003,P00294,109
2025-12-28,S003,P00170,83
2025-12-28,S003,P00004,156
2025-12-28,S003,P00188,126
2025-12-28,S003,P00195,190
2025-12-28,S003,P00099,127
2025-12-28,S003,P00230,120
2025-12-28,S003,P00132,198
2025-12-28,S003,P00022,52
2025-12-28,S003,P00068,102
2025-12-28,S003,P00121,126
2025-12-28,S003,P00270,77
2025-12-28,S003,P00147,153
2025-12-28,S003,P00176,32
2025-12-28,S003,P00128,111
2025-12-28,S003,P00296,3
2025-12-28,S003,P00206,85
2025-12-28,S003,P00203,193
2025-12-28,S003,P00154,64
2025-12-28,S003,P00029,44
2025-12-28,S003,P00129,85
2025-12-28,S003,P00160,6
2025-12-28,S003,P00096,130
2025-12-28,S003,P00262,114
2025-12-28,S003,P00148,189
2025-12-28,S003,P00032,94
2025-12-28,S003,P00015,116
2025-12-28,S003,P00141,15
2025-12-28,S003,P00003,134
2025-12-28,S003,P00236,49
2025-12-28,S003,P00300,64
2025-12-28,S003,P00056,197
2025-12-28,S003,P00238,11
2025-12-28,S003,P00184,110
2025-12-28,S003,P00047,137
2025-12-28,S003,P00166,16
2025-12-28,S003,P00179,100
2025-12-28,S003,P00175,3
2025-12-28,S003,P00237,41
2025-12-28,S003,P00086,144
2025-12-28,S003,P00012,140
2025-12-28,S003,P00189,70
2025-12-28,S003,P00149,38
2025-12-28,S003,P00077,78
2025-12-28,S003,P00116,18
2025-12-28,S003,P00016,5
2025-12-28,S003,P00085,181
2025-12-28,S003,P00280,191
2025-12-28,S003,P00011,178
2025-12-28,S003,P00187,33
2025-12-28,S003,P00287,49
2025-12-28,S003,P00122,88
2025-12-28,S003,P00036,131
2025-12-28,S003,P00125,48
2025-12-28,S003,P00199,21
2025-12-28,S003,P00248,114
2025-12-28,S003,P00091,55
2025-12-28,S003,P00222,160
2025-12-28,S003,P00126,185
2025-12-28,S003,P00044,35
2025-12-28,S003,P00260,100
2025-12-28,S003,P00078,102
2025-12-28,S003,P00240,85
2025-12-28,S003,P00054,133
2025-12-28,S003,P00060,111
2025-12-28,S003,P00182,42
2025-12-28,S003,P00008,40
2025-12-28,S003,P00062,149
2025-12-28,S003,P00169,180
2025-12-28,S003,P00039,132
2025-12-28,S003,P00208,111
2025-12-28,S003,P00101,173
2025-12-28,S003,P00063,134
2025-12-28,S003,P00034,19
2025-12-28,S003,P00295,137
2025-12-28,S003,P00281,133
2025-12-28,S003,P00135,128
2025-12-28,S004,P00203,28
2025-12-28,S004,P00048,183
2025-12-28,S004,P00120,148
2025-12-28,S004,P00261,108
2025-12-28,S004,P00222,56
2025-12-28,S004,P00027,169
2025-12-28,S004,P00283,109
2025-12-28,S004,P00011,56
2025-12-28,S004,P00092,15
2025-12-28,S004,P00272,66
2025-12-28,S004,P00112,181
2025-12-28,S004,P00228,33
2025-12-28,S004,P00217,185
2025-12-28,S004,P00241,151
2025-12-28,S004,P00034,146
2025-12-28,S004,P00293,141
2025-12-28,S004,P00202,163
2025-12-28,S004,P00181,131
2025-12-28,S004,P00270,134
2025-12-28,S004,P00204,194
2025-12-28,S004,P00054,174
2025-12-28,S004,P00081,49
2025-12-28,S004,P00130,124
2025-12-28,S004,P00218,130
2025-12-28,S004,P00152,132
2025-12-28,S004,P00219,4
2025-12-28,S004,P00150,165
2025-12-28,S004,P00082,135
2025-12-28,S004,P00238,51
2025-12-28,S004,P00290,97
2025-12-28,S004,P00246,142
2025-12-28,S004,P00179,0
2025-12-28,S004,P00174,66
2025-12-28,S004,P00215,181
2025-12-28,S004,P00071,87
2025-12-28,S004,P00194,84
2025-12-28,S004,P00004,97
2025-12-28,S004,P00226,167
2025-12-28,S004,P00212,127
2025-12-28,S004,P00239,44
2025-12-28,S004,P00129,37
2025-12-28,S004,P00036,150
2025-12-28,S004,P00256,198
2025-12-28,S004,P00279,132
2025-12-28,S004,P00100,40
2025-12-28,S004,P00103,198
2025-12-28,S004,P00273,41
2025-12-28,S004,P00113,125
2025-12-28,S004,P00196,197
2025-12-28,S004,P00223,76
2025-12-28,S004,P00125,142
2025-12-28,S004,P00198,170
2025-12-28,S004,P00033,160
2025-12-28,S004,P00253,193
2025-12-28,S004,P00175,119
2025-12-28,S004,P00147,32
2025-12-28,S004,P00248,18
2025-12-28,S004,P00267,52
2025-12-28,S004,P00153,66
2025-12-28,S004,P00255,12
2025-12-28,S004,P00055,26
2025-12-28,S004,P00200,22
2025-12-28,S004,P00296,44
2025-12-28,S004,P00167,159
2025-12-28,S004,P00041,32
2025-12-28,S004,P00247,80
2025-12-28,S004,P00015,42
2025-12-28,S004,P00119,199
2025-12-28,S004,P00090,41
2025-12-28,S004,P00003,131
2025-12-28,S004,P00076,166
2025-12-28,S004,P00230,59
2025-12-28,S004,P00162,50
2025-12-28,S004,P00013,57
2025-12-28,S004,P00176,183
2025-12-28,S004,P00045,140
2025-12-28,S004,P00172,91
2025-12-28,S004,P00104,105
2025-12-28,S004,P00040,170
2025-12-28,S004,P00151,66
2025-12-28,S004,P00142,127
2025-12-28,S004,P00106,157
2025-12-28,S004,P00155,41
2025-12-28,S004,P00157,153
2025-12-28,S004,P00171,10
2025-12-28,S004,P00121,32
2025-12-28,S004,P00173,43
2025-12-28,S004,P00038,20
2025-12-28,S004,P00188,29
2025-12-28,S004,P00139,72
2025-12-28,S004,P00295,110
2025-12-28,S004,P00227,152
2025-12-28,S004,P00012,104
2025-12-28,S004,P00134,189
2025-12-28,S004,P00059,134
2025-12-28,S004,P00216,134
2025-12-28,S004,P00183,142
2025-12-28,S004,P00285,147
2025-12-28,S004,P00229,87
2025-12-28,S004,P00193,28
2025-12-28,S005,P00251,175
2025-12-28,S005,P00298,197
2025-12-28,S005,P00147,16
2025-12-28,S005,P00185,143
2025-12-28,S005,P00175,119
2025-12-28,S005,P00111,196
2025-12-28,S005,P00132,117
2025-12-28,S005,P00278,175
2025-12-28,S005,P00186,198
2025-12-28,S005,P00211,190
2025-12-28,S005,P00065,139
2025-12-28,S005,P00179,136
2025-12-28,S005,P00158,164
2025-12-28,S005,P00018,168
2025-12-28,S005,P00218,182
2025-12-28,S005,P00215,64
2025-12-28,S005,P00257,49
2025-12-28,S005,P00034,24
2025-12-28,S005,P00283,132
2025-12-28,S005,P00056,118
2025-12-28,S005,P00232,53
2025-12-28,S005,P00029,144
2025-12-28,S005,P00148,104
2025-12-28,S005,P00222,81
2025-12-28,S005,P00139,7
2025-12-28,S005,P00188,26
2025-12-28,S005,P00294,101
2025-12-28,S005,P00167,110
2025-12-28,S005,P00297,85
2025-12-28,S005,P00153,135
2025-12-28,S005,P00155,167
2025-12-28,S005,P00002,25
2025-12-28,S005,P00066,119
2025-12-28,S005,P00240,177
2025-12-28,S005,P00244,119
2025-12-28,S005,P00177,178
2025-12-28,S005,P00282,127
2025-12-28,S005,P00017,49
2025-12-28,S005,P00006,113
2025-12-28,S005,P00098,96
2025-12-28,S005,P00134,44
2025-12-28,S005,P00216,195
2025-12-28,S005,P00293,111
2025-12-28,S005,P00253,84
2025-12-28,S005,P00117,16
2025-12-28,S005,P00038,115
2025-12-28,S005,P00099,64
2025-12-28,S005,P00220,55
2025-12-28,S005,P00120,39
2025-12-28,S005,P00254,70
2025-12-28,S005,P00287,29
2025-12-28,S005,P00133,1
2025-12-28,S005,P00030,111
2025-12-28,S005,P00233,42
2025-12-28,S005,P00086,90
2025-12-28,S005,P00248,153
2025-12-28,S005,P00077,102
2025-12-28,S005,P00224,57
2025-12-28,S005,P00178,12
2025-12-28,S005,P00264,138
2025-12-28,S005,P00172,25
2025-12-28,S005,P00064,184
2025-12-28,S005,P00221,51
2025-12-28,S005,P00271,47
2025-12-28,S005,P00060,194
2025-12-28,S005,P00094,102
2025-12-28,S005,P00095,92
2025-12-28,S005,P00143,139
2025-12-28,S005,P00076,97
2025-12-28,S005,P00262,162
2025-12-28,S005,P00044,73
2025-12-28,S005,P00182,186
2025-12-28,S005,P00243,28
2025-12-28,S005,P00157,125
2025-12-28,S005,P00054,116
2025-12-28,S005,P00299,179
2025-12-28,S005,P00070,53
2025-12-28,S005,P00021,162
2025-12-28,S005,P00040,14
2025-12-28,S005,P00015,152
2025-12-28,S005,P00121,194
2025-12-28,S005,P00011,66
2025-12-28,S005,P00268,90
2025-12-28,S005,P00227,180
2025-12-28,S005,P00258,189
2025-12-28,S005,P00020,198
2025-12-28,S005,P00135,192
2025-12-28,S005,P00174,110
2025-12-28,S005,P00052,105
2025-12-28,S005,P00119,132
2025-12-28,S005,P00173,84
2025-12-28,S005,P00138,139
2025-12-28,S005,P00026,42
2025-12-28,S005,P00234,7
2025-12-28,S005,P00136,21
2025-12-28,S005,P00241,111
2025-12-28,S005,P00189,197
2025-12-28,S005,P00270,132
2025-12-28,S005,P00267,131
2025-12-28,S005,P00140,52
2025-12-28,S006,P00005,3
2025-12-28,S006,P00116,31
2025-12-28,S006,P00050,10
2025-12-28,S006,P00137,6
2025-12-28,S006,P00017,3
2025-12-28,S006,P00176,31
2025-12-28,S006,P00001,95
2025-12-28,S006,P00153,200
2025-12-28,S006,P00061,38
2025-12-28,S006,P00277,82
2025-12-28,S006,P00094,56
2025-12-28,S006,P00165,25
2025-12-28,S006,P00292,123
2025-12-28,S006,P00171,4
2025-12-28,S006,P00103,91
2025-12-28,S006,P00024,191
2025-12-28,S006,P00092,158
2025-12-28,S006,P00226,71
2025-12-28,S006,P00218,39
2025-12-28,S006,P00254,40
2025-12-28,S006,P00055,49
2025-12-28,S006,P00206,167
2025-12-28,S006,P00182,200
2025-12-28,S006,P00178,60
2025-12-28,S006,P00146,146
2025-12-28,S006,P00123,10
2025-12-28,S006,P00299,18
2025-12-28,S006,P00060,144
2025-12-28,S006,P00213,149
2025-12-28,S006,P00217,71
2025-12-28,S006,P00258,76
2025-12-28,S006,P00033,88
2025-12-28,S006,P00129,173
2025-12-28,S006,P00232,149
2025-12-28,S006,P00012,106
2025-12-28,S006,P00006,196
2025-12-28,S006,P00098,123
2025-12-28,S006,P00293,162
2025-12-28,S006,P00210,152
2025-12-28,S006,P00127,0
2025-12-28,S006,P00003,138
2025-12-28,S006,P00199,84
2025-12-28,S006,P00237,9
2025-12-28,S006,P00119,62
2025-12-28,S006,P00045,136
2025-12-28,S006,P00073,192
2025-12-28,S006,P00269,66
2025-12-28,S006,P00082,49
2025-12-28,S006,P00224,114
2025-12-28,S006,P00013,178
2025-12-28,S006,P00158,103
2025-12-28,S006,P00088,136
2025-12-28,S006,P00104,79
2025-12-28,S006,P00077,12
2025-12-28,S006,P00121,105
2025-12-28,S006,P00267,95
2025-12-28,S006,P00120,190
2025-12-28,S006,P00164,129
2025-12-28,S006,P00241,188
2025-12-28,S006,P00081,115
2025-12-28,S006,P00286,85
2025-12-28,S006,P00155,190
2025-12-28,S006,P00234,140
2025-12-28,S006,P00091,21
2025-12-28,S006,P00297,87
2025-12-28,S006,P00233,55
2025-12-28,S006,P00225,2
2025-12-28,S006,P00125,30
2025-12-28,S006,P00108,97
2025-12-28,S006,P00268,49
2025-12-28,S006,P00280,186
2025-12-28,S006,P00259,14
2025-12-28,S006,P00053,53
2025-12-28,S006,P00079,184
2025-12-28,S006,P00047,75
2025-12-28,S006,P00034,82
2025-12-28,S006,P00011,23
2025-12-28,S006,P00064,47
2025-12-28,S006,P00209,71
2025-12-28,S006,P00275,56
2025-12-28,S006,P00004,103
2025-12-28,S006,P00202,13
2025-12-28,S006,P00214,142
2025-12-28,S006,P00230,150
2025-12-28,S006,P00139,142
2025-12-28,S006,P00084,150
2025-12-28,S006,P00167,28
2025-12-28,S006,P00020,141
2025-12-28,S006,P00273,58
2025-12-28,S006,P00059,128
2025-12-28,S006,P00117,124
2025-12-28,S006,P00245,28
2025-12-28,S006,P00099,21
2025-12-28,S006,P00057,107
2025-12-28,S006,P00135,188
2025-12-28,S006,P00115,3
2025-12-28,S006,P00078,162
2025-12-28,S006,P00131,74
2025-12-28,S006,P00256,8
2025-12-28,S006,P00157,177
2025-12-28,S007,P00172,59
2025-12-28,S007,P00037,76
2025-12-28,S007,P00300,78
2025-12-28,S007,P00003,119
2025-12-28,S007,P00162,188
2025-12-28,S007,P00176,97
2025-12-28,S007,P00233,11
2025-12-28,S007,P00153,87
2025-12-28,S007,P00055,129
2025-12-28,S007,P00148,59
2025-12-28,S007,P00171,159
2025-12-28,S007,P00221,160
2025-12-28,S007,P00202,85
2025-12-28,S007,P00251,93
2025-12-28,S007,P00068,198
2025-12-28,S007,P00289,183
2025-12-28,S007,P00213,177
2025-12-28,S007,P00009,131
2025-12-28,S007,P00189,145
2025-12-28,S007,P00058,194
2025-12-28,S007,P00116,90
2025-12-28,S007,P00219,89
2025-12-28,S007,P00267,192
2025-12-28,S007,P00104,51
2025-12-28,S007,P00239,72
2025-12-28,S007,P00281,130
2025-12-28,S007,P00087,185
2025-12-28,S007,P00167,137
2025-12-28,S007,P00277,87
2025-12-28,S007,P00122,89
2025-12-28,S007,P00155,63
2025-12-28,S007,P00231,126
2025-12-28,S007,P00106,176
2025-12-28,S007,P00042,87
2025-12-28,S007,P00183,160
2025-12-28,S007,P00236,32
2025-12-28,S007,P00297,160
2025-12-28,S007,P00103,167
2025-12-28,S007,P00291,69
2025-12-28,S007,P00021,5
2025-12-28,S007,P00243,155
2025-12-28,S007,P00283,83
2025-12-28,S007,P00195,88
2025-12-28,S007,P00240,43
2025-12-28,S007,P00057,24
2025-12-28,S007,P00159,110
2025-12-28,S007,P00098,181
2025-12-28,S007,P00036,166
2025-12-28,S007,P00141,6
2025-12-28,S007,P00186,177
2025-12-28,S007,P00004,21
2025-12-28,S007,P00082,200
2025-12-28,S007,P00276,88
2025-12-28,S007,P00110,177
2025-12-28,S007,P00266,4
2025-12-28,S007,P00264,123
2025-12-28,S007,P00284,112
2025-12-28,S007,P00198,177
2025-12-28,S007,P00035,117
2025-12-28,S007,P00257,135
2025-12-28,S007,P00215,17
2025-12-28,S007,P00142,128
2025-12-28,S007,P00232,78
2025-12-28,S007,P00048,3
2025-12-28,S007,P00154,181
2025-12-28,S007,P00271,165
2025-12-28,S007,P00199,198
2025-12-28,S007,P00129,58
2025-12-28,S007,P00214,70
2025-12-28,S007,P00269,119
2025-12-28,S007,P00044,123
2025-12-28,S007,P00127,91
2025-12-28,S007,P00020,175
2025-12-28,S007,P00197,128
2025-12-28,S007,P00073,53
2025-12-28,S007,P00190,121
2025-12-28,S007,P00286,12
2025-12-28,S007,P00025,29
2025-12-28,S007,P00005,61
2025-12-28,S007,P00237,24
2025-12-28,S007,P00196,127
2025-12-28,S007,P00160,63
2025-12-28,S007,P00179,43
2025-12-28,S007,P00075,157
2025-12-28,S007,P00015,102
2025-12-28,S007,P00235,48
2025-12-28,S007,P00028,38
2025-12-28,S007,P00265,156
2025-12-28,S007,P00033,200
2025-12-28,S007,P00152,115
2025-12-28,S007,P00228,155
2025-12-28,S007,P00263,165
2025-12-28,S007,P00292,148
2025-12-28,S007,P00061,27
2025-12-28,S007,P00069,145
2025-12-28,S007,P00280,55
2025-12-28,S007,P00052,75
2025-12-28,S007,P00151,117
2025-12-28,S007,P00118,63
2025-12-28,S007,P00138,7
2025-12-28,S008,P00225,137
2025-12-28,S008,P00182,2
2025-12-28,S008,P00042,80
2025-12-28,S008,P00088,57
2025-12-28,S008,P00087,17
2025-12-28,S008,P00039,57
2025-12-28,S008,P00181,184
2025-12-28,S008,P00050,190
2025-12-28,S008,P00086,20
2025-12-28,S008,P00011,14
2025-12-28,S008,P00006,121
2025-12-28,S008,P00210,42
2025-12-28,S008,P00055,66
2025-12-28,S008,P00239,48
2025-12-28,S008,P00223,199
2025-12-28,S008,P00002,100
2025-12-28,S008,P00147,104
2025-12-28,S008,P00165,186
2025-12-28,S008,P00063,44
2025-12-28,S008,P00214,2
2025-12-28,S008,P00121,152
2025-12-28,S008,P00242,110
2025-12-28,S008,P00246,65
2025-12-28,S008,P00185,100
2025-12-28,S008,P00018,141
2025-12-28,S008,P00218,51
2025-12-28,S008,P00226,75
2025-12-28,S008,P00142,37
2025-12-28,S008,P00290,114
2025-12-28,S008,P00224,68
2025-12-28,S008,P00061,99
2025-12-28,S008,P00117,49
2025-12-28,S008,P00255,44
2025-12-28,S008,P00022,128
2025-12-28,S008,P00201,30
2025-12-28,S008,P00249,137
2025-12-28,S008,P00217,28
2025-12-28,S008,P00135,114
2025-12-28,S008,P00049,83
2025-12-28,S008,P00292,102
2025-12-28,S008,P00092,119
2025-12-28,S008,P00007,36
2025-12-28,S008,P00245,71
2025-12-28,S008,P00143,97
2025-12-28,S008,P00164,59
2025-12-28,S008,P00157,18
2025-12-28,S008,P00156,8
2025-12-28,S008,P00096,12
2025-12-28,S008,P00150,10
2025-12-28,S008,P00212,163
2025-12-28,S008,P00161,13
2025-12-28,S008,P00125,64
2025-12-28,S008,P00029,115
2025-12-28,S008,P00171,64
2025-12-28,S008,P00206,172
2025-12-28,S008,P00222,96
2025-12-28,S008,P00263,114
2025-12-28,S008,P00064,11
2025-12-28,S008,P00041,188
2025-12-28,S008,P00136,60
2025-12-28,S008,P00289,181
2025-12-28,S008,P00247,157
2025-12-28,S008,P00014,24
2025-12-28,S008,P00170,54
2025-12-28,S008,P00261,119
2025-12-28,S008,P00233,137
2025-12-28,S008,P00197,1
2025-12-28,S008,P00032,174
2025-12-28,S008,P00077,151
2025-12-28,S008,P00184,1
2025-12-28,S008,P00106,80
2025-12-28,S008,P00192,72
2025-12-28,S008,P00241,133
2025-12-28,S008,P00003,172
2025-12-28,S008,P00068,93
2025-12-28,S008,P00190,139
2025-12-28,S008,P00119,143
2025-12-28,S008,P00005,148
2025-12-28,S008,P00131,200
2025-12-28,S008,P00082,175
2025-12-28,S008,P00286,19
2025-12-28,S008,P00081,189
2025-12-28,S008,P00065,58
2025-12-28,S008,P00072,99
2025-12-28,S008,P00112,14
2025-12-28,S008,P00108,29
2025-12-28,S008,P00300,190
2025-12-28,S008,P00271,113
2025-12-28,S008,P00198,67
2025-12-28,S008,P00036,13
2025-12-28,S008,P00194,179
2025-12-28,S008,P00009,178
2025-12-28,S008,P00260,52
2025-12-28,S008,P00207,46
2025-12-28,S008,P00110,87
2025-12-28,S008,P00230,66
2025-12-28,S008,P00216,85
2025-12-28,S008,P00189,144
2025-12-28,S008,P00228,196
2025-12-28,S008,P00134,85
2025-12-28,S009,P00200,112
2025-12-28,S009,P00220,174
2025-12-28,S009,P00271,91
2025-12-28,S009,P00055,119
2025-12-28,S009,P00294,15
2025-12-28,S009,P00031,53
2025-12-28,S009,P00284,111
2025-12-28,S009,P00287,95
2025-12-28,S009,P00292,56
2025-12-28,S009,P00115,193
2025-12-28,S009,P00257,163
2025-12-28,S009,P00222,198
2025-12-28,S009,P00190,200
2025-12-28,S009,P00045,120
2025-12-28,S009,P00235,118
2025-12-28,S009,P00268,71
2025-12-28,S009,P00250,115
2025-12-28,S009,P00244,65
2025-12-28,S009,P00084,36
2025-12-28,S009,P00231,43
2025-12-28,S009,P00003,19
2025-12-28,S009,P00212,101
2025-12-28,S009,P00269,16
2025-12-28,S009,P00240,146
2025-12-28,S009,P00258,92
2025-12-28,S009,P00285,193
2025-12-28,S009,P00082,179
2025-12-28,S009,P00193,148
2025-12-28,S009,P00224,11
2025-12-28,S009,P00119,32
2025-12-28,S009,P00099,185
2025-12-28,S009,P00136,83
2025-12-28,S009,P00253,142
2025-12-28,S009,P00062,167
2025-12-28,S009,P00247,35
2025-12-28,S009,P00028,163
2025-12-28,S009,P00245,59
2025-12-28,S009,P00223,127
2025-12-28,S009,P00044,175
2025-12-28,S009,P00157,118
2025-12-28,S009,P00077,16
2025-12-28,S009,P00241,32
2025-12-28,S009,P00180,151
2025-12-28,S009,P00272,80
2025-12-28,S009,P00064,18
2025-12-28,S009,P00086,20
2025-12-28,S009,P00169,18
2025-12-28,S009,P00296,112
2025-12-28,S009,P00128,87
2025-12-28,S009,P00154,181
2025-12-28,S009,P00249,132
2025-12-28,S009,P00261,35
2025-12-28,S009,P00052,114
2025-12-28,S009,P00049,56
2025-12-28,S009,P00002,26
2025-12-28,S009,P00043,155
2025-12-28,S009,P00037,88
2025-12-28,S009,P00246,82
2025-12-28,S009,P00101,148
2025-12-28,S009,P00202,61
2025-12-28,S009,P00229,161
2025-12-28,S009,P00233,98
2025-12-28,S009,P00092,18
2025-12-28,S009,P00168,87
2025-12-28,S009,P00001,101
2025-12-28,S009,P00104,30
2025-12-28,S009,P00019,144
2025-12-28,S009,P00105,84
2025-12-28,S009,P00117,107
2025-12-28,S009,P00131,90
2025-12-28,S009,P00192,92
2025-12-28,S009,P00053,108
2025-12-28,S009,P00174,112
2025-12-28,S009,P00016,124
2025-12-28,S009,P00107,146
2025-12-28,S009,P00063,60
2025-12-28,S009,P00127,58
2025-12-28,S009,P00163,129
2025-12-28,S009,P00145,49
2025-12-28,S009,P00298,77
2025-12-28,S009,P00183,116
2025-12-28,S009,P00010,89
2025-12-28,S009,P00276,74
2025-12-28,S009,P00203,44
2025-12-28,S009,P00178,12
2025-12-28,S009,P00012,179
2025-12-28,S009,P00274,167
2025-12-28,S009,P00126,79
2025-12-28,S009,P00277,118
2025-12-28,S009,P00125,23
2025-12-28,S009,P00150,96
2025-12-28,S009,P00196,113
2025-12-28,S009,P00166,111
2025-12-28,S009,P00025,70
2025-12-28,S009,P00008,136
2025-12-28,S009,P00140,19
2025-12-28,S009,P00112,125
2025-12-28,S009,P00267,149
2025-12-28,S009,P00137,129
2025-12-28,S009,P00056,199
2025-12-28,S010,P00161,43
2025-12-28,S010,P00183,147
2025-12-28,S010,P00097,74
2025-12-28,S010,P00123,173
2025-12-28,S010,P00296,183
2025-12-28,S010,P00196,140
2025-12-28,S010,P00011,171
2025-12-28,S010,P00176,134
2025-12-28,S010,P00227,94
2025-12-28,S010,P00273,121
2025-12-28,S010,P00100,23
2025-12-28,S010,P00210,134
2025-12-28,S010,P00056,126
2025-12-28,S010,P00043,38
2025-12-28,S010,P00187,58
2025-12-28,S010,P00026,26
2025-12-28,S010,P00219,109
2025-12-28,S010,P00012,61
2025-12-28,S010,P00038,97
2025-12-28,S010,P00267,28
2025-12-28,S010,P00021,169
2025-12-28,S010,P00027,125
2025-12-28,S010,P00264,128
2025-12-28,S010,P00157,44
2025-12-28,S010,P00292,102
2025-12-28,S010,P00075,115
2025-12-28,S010,P00256,105
2025-12-28,S010,P00028,192
2025-12-28,S010,P00121,155
2025-12-28,S010,P00182,36
2025-12-28,S010,P00277,50
2025-12-28,S010,P00068,18
2025-12-28,S010,P00154,178
2025-12-28,S010,P00266,91
2025-12-28,S010,P00268,43
2025-12-28,S010,P00039,22
2025-12-28,S010,P00095,17
2025-12-28,S010,P00109,103
2025-12-28,S010,P00171,102
2025-12-28,S010,P00167,116
2025-12-28,S010,P00069,24
2025-12-28,S010,P00186,90
2025-12-28,S010,P00184,200
2025-12-28,S010,P00198,24
2025-12-28,S010,P00297,96
2025-12-28,S010,P00247,122
2025-12-28,S010,P00015,165
2025-12-28,S010,P00235,29
2025-12-28,S010,P00135,158
2025-12-28,S010,P00103,173
2025-12-28,S010,P00019,137
2025-12-28,S010,P00190,33
2025-12-28,S010,P00207,94
2025-12-28,S010,P00197,198
2025-12-28,S010,P00107,38
2025-12-28,S010,P00124,198
2025-12-28,S010,P00278,113
2025-12-28,S010,P00233,74
2025-12-28,S010,P00073,40
2025-12-28,S010,P00242,21
2025-12-28,S010,P00062,78
2025-12-28,S010,P00120,3
2025-12-28,S010,P00036,188
2025-12-28,S010,P00052,126
2025-12-28,S010,P00072,154
2025-12-28,S010,P00094,180
2025-12-28,S010,P00016,144
2025-12-28,S010,P00293,127
2025-12-28,S010,P00185,30
2025-12-28,S010,P00274,100
2025-12-28,S010,P00136,49
2025-12-28,S010,P00280,46
2025-12-28,S010,P00140,106
2025-12-28,S010,P00283,13
2025-12-28,S010,P00272,25
2025-12-28,S010,P00295,149
2025-12-28,S010,P00024,164
2025-12-28,S010,P00174,108
2025-12-28,S010,P00096,30
2025-12-28,S010,P00180,115
2025-12-28,S010,P00194,71
2025-12-28,S010,P00115,47
2025-12-28,S010,P00238,158
2025-12-28,S010,P00177,100
2025-12-28,S010,P00077,199
2025-12-28,S010,P00127,164
2025-12-28,S010,P00023,103
2025-12-28,S010,P00155,60
2025-12-28,S010,P00033,98
2025-12-28,S010,P00114,11
2025-12-28,S010,P00153,14
2025-12-28,S010,P00228,145
2025-12-28,S010,P00294,194
2025-12-28,S010,P00166,185
2025-12-28,S010,P00223,118
2025-12-28,S010,P00080,195
2025-12-28,S010,P00175,40
2025-12-28,S010,P00230,123
2025-12-28,S010,P00050,197
2025-12-28,S010,P00116,168
